

-- Insert data into Patients table
INSERT INTO Patients (PatientID, FirstName, LastName, DateOfBirth, Gender, Phone, Email) VALUES
(1, 'John', 'Doe', '1985-05-15', 'Male', '123-456-7890', 'john.doe@example.com'),
(2, 'Jane', 'Smith', '1990-08-25', 'Female', '098-765-4321', 'jane.smith@example.com'),
(3, 'Michael', 'Johnson', '1978-12-07', 'Male', '555-123-4567', 'michael.johnson@example.com'),
(4, 'Emily', 'Brown', '1989-03-22', 'Female', '111-222-3333', 'emily.brown@example.com'),
(5, 'William', 'Davis', '1975-06-17', 'Male', '444-555-6666', 'william.davis@example.com'),
(6, 'Olivia', 'Martinez', '1995-11-08', 'Female', '777-888-9999', 'olivia.martinez@example.com'),
(7, 'Daniel', 'Wilson', '1982-04-10', 'Male', '123-654-7890', 'daniel.wilson@example.com'),
(8, 'Ava', 'Miller', '1991-07-30', 'Female', '321-456-7890', 'ava.miller@example.com'),
(9, 'Lucas', 'Taylor', '1987-01-05', 'Male', '987-654-3210', 'lucas.taylor@example.com'),
(10, 'Sophia', 'Lopez', '1992-09-12', 'Female', '333-444-5555', 'sophia.lopez@example.com'),
(11, 'Ella', 'Moore', '1985-03-24', 'Female', '777-777-7777', 'ella.moore@example.com'),
(12, 'James', 'Jackson', '1986-12-15', 'Male', '666-666-6666', 'james.jackson@example.com'),
(13, 'Mia', 'Harris', '1993-01-01', 'Female', '555-555-5555', 'mia.harris@example.com'),
(14, 'Noah', 'White', '1979-11-23', 'Male', '444-444-4444', 'noah.white@example.com'),
(15, 'Emma', 'Lee', '1990-06-06', 'Female', '333-333-3333', 'emma.lee@example.com'),
(16, 'Liam', 'Walker', '1983-10-13', 'Male', '222-222-2222', 'liam.walker@example.com'),
(17, 'Isabella', 'Hall', '1994-02-28', 'Female', '111-111-1111', 'isabella.hall@example.com'),
(18, 'Mason', 'Allen', '1977-09-09', 'Male', '999-999-9999', 'mason.allen@example.com'),
(19, 'Avery', 'Young', '1988-08-18', 'Female', '888-888-8888', 'avery.young@example.com'),
(20, 'Ethan', 'Hernandez', '1991-04-04', 'Male', '777-888-0000', 'ethan.hernandez@example.com'),
(21, 'Abigail', 'King', '1985-07-07', 'Female', '222-444-6666', 'abigail.king@example.com'),
(22, 'Matthew', 'Scott', '1982-03-03', 'Male', '999-888-7777', 'matthew.scott@example.com'),
(23, 'Charlotte', 'Adams', '1996-12-12', 'Female', '123-987-6543', 'charlotte.adams@example.com'),
(24, 'Alexander', 'Green', '1979-05-05', 'Male', '111-222-3333', 'alexander.green@example.com'),
(25, 'Amelia', 'Baker', '1990-11-11', 'Female', '444-555-6666', 'amelia.baker@example.com'),
(26, 'Henry', 'Nelson', '1984-08-08', 'Male', '321-654-9870', 'henry.nelson@example.com'),
(27, 'Sofia', 'Carter', '1993-02-02', 'Female', '456-789-0123', 'sofia.carter@example.com'),
(28, 'Benjamin', 'Mitchell', '1980-09-09', 'Male', '321-321-3210', 'benjamin.mitchell@example.com'),
(29, 'Grace', 'Perez', '1987-04-04', 'Female', '654-654-6540', 'grace.perez@example.com'),
(30, 'Jack', 'Roberts', '1976-03-13', 'Male', '789-789-7890', 'jack.roberts@example.com'),
(31, 'Chloe', 'Turner', '1995-07-07', 'Female', '890-890-8900', 'chloe.turner@example.com'),
(32, 'Samuel', 'Phillips', '1983-11-11', 'Male', '123-321-3210', 'samuel.phillips@example.com'),
(33, 'Lily', 'Campbell', '1989-06-06', 'Female', '234-234-2340', 'lily.campbell@example.com'),
(34, 'David', 'Parker', '1978-10-10', 'Male', '345-345-3450', 'david.parker@example.com'),
(35, 'Aubrey', 'Evans', '1992-01-01', 'Female', '456-456-4560', 'aubrey.evans@example.com'),
(36, 'Joseph', 'Edwards', '1985-05-05', 'Male', '567-567-5670', 'joseph.edwards@example.com'),
(37, 'Zoey', 'Collins', '1990-08-08', 'Female', '678-678-6780', 'zoey.collins@example.com'),
(38, 'Gabriel', 'Stewart', '1979-12-12', 'Male', '789-789-7890', 'gabriel.stewart@example.com'),
(39, 'Hannah', 'Sanchez', '1988-09-09', 'Female', '890-890-8900', 'hannah.sanchez@example.com'),
(40, 'Andrew', 'Morris', '1982-02-02', 'Male', '901-901-9010', 'andrew.morris@example.com'),
(41, 'Madison', 'Rogers', '1994-04-04', 'Female', '012-012-0120', 'madison.rogers@example.com'),
(42, 'Christopher', 'Reed', '1977-01-01', 'Male', '123-123-1230', 'christopher.reed@example.com'),
(43, 'Evelyn', 'Cook', '1981-11-11', 'Female', '234-234-2340', 'evelyn.cook@example.com'),
(44, 'Joshua', 'Morgan', '1992-03-03', 'Male', '345-345-3450', 'joshua.morgan@example.com'),
(45, 'Arianna', 'Bell', '1986-07-07', 'Female', '456-456-4560', 'arianna.bell@example.com'),
(46, 'Nathan', 'Murphy', '1983-05-05', 'Male', '567-567-5670', 'nathan.murphy@example.com'),
(47, 'Layla', 'Bailey', '1991-01-01', 'Female', '678-678-6780', 'layla.bailey@example.com'),
(48, 'Logan', 'Rivera', '1984-08-08', 'Male', '789-789-7890', 'logan.rivera@example.com'),
(49, 'Ellie', 'Cooper', '1989-06-06', 'Female', '890-890-8900', 'ellie.cooper@example.com');


-- Insert data into Doctors table
INSERT INTO Doctors (DoctorID, FirstName, LastName, Specialty, Phone, Email) VALUES
(1, 'Dr. Alice', 'Johnson', 'Cardiology', '555-123-4567', 'alice.johnson@hospital.com'),
(2, 'Dr. Bob', 'Williams', 'Neurology', '555-987-6543', 'bob.williams@hospital.com'),
(3, 'Dr. Claire', 'Brown', 'Pediatrics', '555-234-5678', 'claire.brown@hospital.com'),
(4, 'Dr. David', 'Jones', 'Orthopedics', '555-345-6789', 'david.jones@hospital.com'),
(5, 'Dr. Emma', 'Garcia', 'Dermatology', '555-456-7890', 'emma.garcia@hospital.com'),
(6, 'Dr. Henry', 'Martinez', 'Psychiatry', '555-567-8901', 'henry.martinez@hospital.com'),
(7, 'Dr. James', 'Taylor', 'Ophthalmology', '555-678-9012', 'james.taylor@hospital.com'),
(8, 'Dr. Olivia', 'Moore', 'Gynecology', '555-789-0123', 'olivia.moore@hospital.com'),
(9, 'Dr. Liam', 'Anderson', 'Oncology', '555-890-1234', 'liam.anderson@hospital.com'),
(10, 'Dr. Charlotte', 'Thomas', 'Urology', '555-901-2345', 'charlotte.thomas@hospital.com'),
(11, 'Dr. Benjamin', 'Jackson', 'Hematology', '555-012-3456', 'benjamin.jackson@hospital.com'),
(12, 'Dr. Amelia', 'White', 'Allergy and Immunology', '555-123-4567', 'amelia.white@hospital.com'),
(13, 'Dr. Lucas', 'Harris', 'Anesthesiology', '555-234-5678', 'lucas.harris@hospital.com'),
(14, 'Dr. Zoe', 'Martin', 'Radiology', '555-345-6789', 'zoe.martin@hospital.com'),
(15, 'Dr. Henry', 'Clark', 'Gastroenterology', '555-456-7890', 'henry.clark@hospital.com'),
(16, 'Dr. Ella', 'Lewis', 'Rheumatology', '555-567-8901', 'ella.lewis@hospital.com'),
(17, 'Dr. Daniel', 'Walker', 'Pulmonology', '555-678-9012', 'daniel.walker@hospital.com'),
(18, 'Dr. Sophia', 'Hall', 'Nephrology', '555-789-0123', 'sophia.hall@hospital.com'),
(19, 'Dr. Ethan', 'Allen', 'Otolaryngology', '555-890-1234', 'ethan.allen@hospital.com'),
(20, 'Dr. Mia', 'Young', 'Emergency Medicine', '555-901-2345', 'mia.young@hospital.com'),
(21, 'Dr. Jacob', 'Hernandez', 'Pathology', '555-012-3456', 'jacob.hernandez@hospital.com'),
(22, 'Dr. Isabella', 'King', 'Endocrinology', '555-123-4567', 'isabella.king@hospital.com'),
(23, 'Dr. William', 'Wright', 'Infectious Disease', '555-234-5678', 'william.wright@hospital.com'),
(24, 'Dr. Ava', 'Lopez', 'Physical Medicine & Rehabilitation', '555-345-6789', 'ava.lopez@hospital.com'),
(25, 'Dr. Alexander', 'Hill', 'Family Medicine', '555-456-7890', 'alexander.hill@hospital.com'),
(26, 'Dr. Abigail', 'Scott', 'Sports Medicine', '555-567-8901', 'abigail.scott@hospital.com'),
(27, 'Dr. Matthew', 'Green', 'Geriatrics', '555-678-9012', 'matthew.green@hospital.com'),
(28, 'Dr. Chloe', 'Adams', 'Osteopathic Medicine', '555-789-0123', 'chloe.adams@hospital.com'),
(29, 'Dr. Noah', 'Baker', 'Pain Management', '555-890-1234', 'noah.baker@hospital.com'),
(30, 'Dr. Emma', 'Nelson', 'Nuclear Medicine', '555-901-2345', 'emma.nelson@hospital.com'),
(31, 'Dr. Samuel', 'Carter', 'Palliative Medicine', '555-012-3456', 'samuel.carter@hospital.com'),
(32, 'Dr. Grace', 'Mitchell', 'Plastic Surgery', '555-123-4567', 'grace.mitchell@hospital.com'),
(33, 'Dr. Mason', 'Perez', 'Preventive Medicine', '555-234-5678', 'mason.perez@hospital.com'),
(34, 'Dr. Charlotte', 'Roberts', 'Sleep Medicine', '555-345-6789', 'charlotte.roberts@hospital.com'),
(35, 'Dr. Jack', 'Turner', 'Toxicology', '555-456-7890', 'jack.turner@hospital.com'),
(36, 'Dr. Isla', 'Phillips', 'Vascular Medicine', '555-567-8901', 'isla.phillips@hospital.com'),
(37, 'Dr. Owen', 'Campbell', 'Occupational Medicine', '555-678-9012', 'owen.campbell@hospital.com'),
(38, 'Dr. Mia', 'Parker', 'Dentistry', '555-789-0123', 'mia.parker@hospital.com'),
(39, 'Dr. Lucas', 'Evans', 'Chiropractic Medicine', '555-890-1234', 'lucas.evans@hospital.com'),
(40, 'Dr. Ella', 'Edwards', 'Orthodontics', '555-901-2345', 'ella.edwards@hospital.com'),
(41, 'Dr. James', 'Collins', 'Podiatry', '555-012-3456', 'james.collins@hospital.com'),
(42, 'Dr. Olivia', 'Stewart', 'Optometry', '555-123-4567', 'olivia.stewart@hospital.com'),
(43, 'Dr. Ethan', 'Sanchez', 'Medical Genetics', '555-234-5678', 'ethan.sanchez@hospital.com'),
(44, 'Dr. Sophia', 'Lopez', 'Endocrinology', '555-678-9012', 'sophia.lopez@hospital.com');






-- Insert data into Appointments table
INSERT INTO Appointments (AppointmentID, PatientID, DoctorID, AppointmentDate, Reason) VALUES
(1, 1, 1, '2023-10-01 10:00:00', 'Routine Checkup'),
(2, 2, 2, '2023-10-02 11:00:00', 'Headache Consultation'),
(3, 3, 3, '2023-10-03 09:30:00', 'Follow-up Visit'),
(4, 4, 4, '2023-10-04 14:00:00', 'Knee Pain'),
(5, 5, 5, '2023-10-05 15:30:00', 'Skin Rash'),
(6, 6, 6, '2023-10-06 08:45:00', 'Mental Health Evaluation'),
(7, 7, 7, '2023-10-07 12:00:00', 'Routine Checkup'),
(8, 8, 8, '2023-10-08 13:30:00', 'Flu Symptoms'),
(9, 9, 9, '2023-10-09 10:15:00', 'Allergy Consultation'),
(10, 10, 10, '2023-10-10 11:45:00', 'Back Pain'),
(11, 11, 11, '2023-10-11 15:00:00', 'Routine Checkup'),
(12, 12, 12, '2023-10-12 09:00:00', 'Asthma Check'),
(13, 13, 13, '2023-10-13 14:00:00', 'Routine Checkup'),
(14, 14, 14, '2023-10-14 10:30:00', 'Diabetes Management'),
(15, 15, 15, '2023-10-15 16:00:00', 'Blood Pressure Check'),
(16, 16, 16, '2023-10-16 13:00:00', 'Routine Checkup'),
(17, 17, 17, '2023-10-17 09:45:00', 'High Cholesterol'),
(18, 18, 18, '2023-10-18 11:00:00', 'Flu Symptoms'),
(19, 19, 19, '2023-10-19 15:30:00', 'Routine Checkup'),
(20, 20, 20, '2023-10-20 14:00:00', 'Skin Rash'),
(21, 21, 21, '2023-10-21 10:15:00', 'Mental Health Evaluation'),
(22, 22, 22, '2023-10-22 12:45:00', 'Headache Consultation'),
(23, 23, 23, '2023-10-23 11:30:00', 'Routine Checkup'),
(24, 24, 24, '2023-10-24 09:30:00', 'Follow-up Visit'),
(25, 25, 25, '2023-10-25 13:00:00', 'Back Pain'),
(26, 26, 26, '2023-10-26 10:45:00', 'Knee Pain'),
(27, 27, 27, '2023-10-27 14:30:00', 'Routine Checkup'),
(28, 28, 28, '2023-10-28 15:45:00', 'Flu Symptoms'),
(29, 29, 29, '2023-10-29 12:30:00', 'Diabetes Management'),
(30, 30, 30, '2023-10-30 08:30:00', 'Routine Checkup'),
(31, 31, 31, '2023-10-31 11:00:00', 'Skin Rash'),
(32, 32, 32, '2023-11-01 13:15:00', 'Headache Consultation'),
(33, 33, 33, '2023-11-02 09:00:00', 'Mental Health Evaluation'),
(34, 34, 34, '2023-11-03 12:00:00', 'Back Pain'),
(35, 35, 35, '2023-11-04 14:15:00', 'Routine Checkup'),
(36, 36, 36, '2023-11-05 10:30:00', 'Flu Symptoms'),
(37, 37, 37, '2023-11-06 15:00:00', 'Diabetes Management'),
(38, 38, 38, '2023-11-07 11:45:00', 'Routine Checkup'),
(39, 39, 39, '2023-11-08 13:00:00', 'Allergy Consultation'),
(40, 40, 40, '2023-11-09 10:15:00', 'Headache Consultation'),
(41, 41, 41, '2023-11-10 09:30:00', 'Mental Health Evaluation'),
(42, 42, 42, '2023-11-11 12:00:00', 'Routine Checkup'),
(43, 43, 43, '2023-11-12 14:30:00', 'Back Pain'),
(44, 44, 44, '2023-11-13 11:00:00', 'Follow-up Visit'),
(45, 45, 45, '2023-11-14 16:15:00', 'Knee Pain'),
(46, 46, 46, '2023-11-15 09:00:00', 'Skin Rash'),
(47, 47, 47, '2023-11-16 13:45:00', 'Routine Checkup'),
(48, 48, 48, '2023-11-17 11:30:00', 'Diabetes Management'),
(49, 49, 49, '2023-11-18 14:15:00', 'Flu Symptoms'),
(50, 50, 50, '2023-11-19 16:15:00', 'Diabetes Management');







-- Insert data into Treatments table
INSERT INTO Treatments (TreatmentID, AppointmentID, TreatmentDescription, TreatmentDate) VALUES
(1, 1, 'Blood Pressure Check', '2023-10-01'),
(2, 2, 'MRI Scan', '2023-10-02'),
(3, 3, 'Physical Therapy Session', '2023-10-03'),
(4, 4, 'X-Ray', '2023-10-04'),
(5, 5, 'Skin Biopsy', '2023-10-05'),
(6, 6, 'Psychological Assessment', '2023-10-06'),
(7, 7, 'Flu Vaccination', '2023-10-07'),
(8, 8, 'Allergy Test', '2023-10-08'),
(9, 9, 'Routine Blood Test', '2023-10-09'),
(10, 10, 'Cholesterol Screening', '2023-10-10'),
(11, 11, 'Eye Examination', '2023-10-11'),
(12, 12, 'Asthma Assessment', '2023-10-12'),
(13, 13, 'Hearing Test', '2023-10-13'),
(14, 14, 'Diabetes Check', '2023-10-14'),
(15, 15, 'EKG', '2023-10-15'),
(16, 16, 'Colonoscopy', '2023-10-16'),
(17, 17, 'Mammogram', '2023-10-17'),
(18, 18, 'Thyroid Test', '2023-10-18'),
(19, 19, 'Prostate Exam', '2023-10-19'),
(20, 20, 'Vaccination', '2023-10-20'),
(21, 21, 'Depression Screening', '2023-10-21'),
(22, 22, 'Vision Test', '2023-10-22'),
(23, 23, 'Bone Density Test', '2023-10-23'),
(24, 24, 'Pap Smear', '2023-10-24'),
(25, 25, 'Skin Cancer Screening', '2023-10-25'),
(26, 26, 'HIV Test', '2023-10-26'),
(27, 27, 'Liver Function Test', '2023-10-27'),
(28, 28, 'Kidney Function Test', '2023-10-28'),
(29, 29, 'Stress Test', '2023-10-29'),
(30, 30, 'Vitamin D Test', '2023-10-30'),
(31, 31, 'Urine Test', '2023-10-31'),
(32, 32, 'Allergy Injection', '2023-11-01'),
(33, 33, 'Mental Health Therapy', '2023-11-02'),
(34, 34, 'Blood Glucose Test', '2023-11-03'),
(35, 35, 'Hepatitis Test', '2023-11-04'),
(36, 36, 'Strep Test', '2023-11-05'),
(37, 37, 'Anemia Test', '2023-11-06'),
(38, 38, 'Wound Care', '2023-11-07'),
(39, 39, 'Suture Removal', '2023-11-08'),
(40, 40, 'IV Therapy', '2023-11-09'),
(41, 41, 'Nebulizer Treatment', '2023-11-10'),
(42, 42, 'Counseling Session', '2023-11-11'),
(43, 43, 'CPR Training', '2023-11-12'),
(44, 44, 'Physical Exam', '2023-11-13'),
(45, 45, 'Vaccination Booster', '2023-11-14'),
(46, 46, 'Medication Review', '2023-11-15'),
(47, 47, 'Health Coaching', '2023-11-16'),
(48, 48, 'Dietary Consultation', '2023-11-17'),
(49, 49, 'Bone Marrow Test', '2023-11-18'),
(50, 50, 'Insulin Adjustment', '2023-11-19');








-- Insert data into Medications table
INSERT INTO Medications (MedicationID, MedicationName, Dosage, SideEffects) VALUES
(1, 'Aspirin', '100mg', 'Nausea, Vomiting'),
(2, 'Lisinopril', '10mg', 'Cough, Dizziness'),
(3, 'Metformin', '500mg', 'Diarrhea, Nausea'),
(4, 'Atorvastatin', '20mg', 'Muscle Pain, Headache'),
(5, 'Ibuprofen', '200mg', 'Nausea, Stomach Pain'),
(6, 'Omeprazole', '40mg', 'Headache, Abdominal Pain'),
(7, 'Amoxicillin', '500mg', 'Diarrhea, Rash'),
(8, 'Hydrochlorothiazide', '25mg', 'Dizziness, Lightheadedness'),
(9, 'Gabapentin', '300mg', 'Drowsiness, Dizziness'),
(10, 'Sertraline', '50mg', 'Nausea, Insomnia'),
(11, 'Prednisone', '20mg', 'Increased appetite, Mood changes'),
(12, 'Levothyroxine', '75mcg', 'Hair loss, Increased sweating'),
(13, 'Metoprolol', '50mg', 'Dizziness, Fatigue'),
(14, 'Ciprofloxacin', '250mg', 'Nausea, Diarrhea'),
(15, 'Simvastatin', '20mg', 'Muscle Pain, Constipation'),
(16, 'Clopidogrel', '75mg', 'Bleeding, Bruising'),
(17, 'Furosemide', '40mg', 'Dehydration, Electrolyte imbalance'),
(18, 'Amlodipine', '5mg', 'Swelling, Flushing'),
(19, 'Doxycycline', '100mg', 'Sun sensitivity, Nausea'),
(20, 'Warfarin', '2mg', 'Bleeding, Bruising'),
(21, 'Citalopram', '20mg', 'Nausea, Dry mouth'),
(22, 'Pantoprazole', '40mg', 'Headache, Diarrhea'),
(23, 'Tramadol', '50mg', 'Dizziness, Nausea'),
(24, 'Fluoxetine', '20mg', 'Insomnia, Nausea'),
(25, 'Meloxicam', '15mg', 'Stomach pain, Diarrhea'),
(26, 'Albuterol', '90mcg', 'Shakiness, Headache'),
(27, 'Clonazepam', '0.5mg', 'Drowsiness, Dizziness'),
(28, 'Propranolol', '40mg', 'Fatigue, Dizziness'),
(29, 'Tamsulosin', '0.4mg', 'Dizziness, Headache'),
(30, 'Losartan', '50mg', 'Dizziness, Cough'),
(31, 'Oxycodone', '10mg', 'Nausea, Drowsiness'),
(32, 'Duloxetine', '30mg', 'Nausea, Dry mouth'),
(33, 'Azithromycin', '500mg', 'Diarrhea, Nausea'),
(34, 'Bupropion', '150mg', 'Insomnia, Dry mouth'),
(35, 'Venlafaxine', '75mg', 'Nausea, Dizziness'),
(36, 'Lorazepam', '1mg', 'Drowsiness, Dizziness'),
(37, 'Ranitidine', '150mg', 'Headache, Dizziness'),
(38, 'Sildenafil', '50mg', 'Headache, Flushing'),
(39, 'Loratadine', '10mg', 'Drowsiness, Headache'),
(40, 'Hydrocodone', '5mg', 'Nausea, Drowsiness'),
(41, 'Lansoprazole', '30mg', 'Diarrhea, Abdominal pain'),
(42, 'Carvedilol', '12.5mg', 'Dizziness, Fatigue'),
(43, 'Fexofenadine', '180mg', 'Headache, Drowsiness'),
(44, 'Esomeprazole', '40mg', 'Headache, Diarrhea'),
(45, 'Alprazolam', '0.5mg', 'Drowsiness, Dizziness');








-- Insert data into Medications table
INSERT INTO Medications (MedicationID, MedicationName, Dosage, SideEffects) VALUES
(1, 'Aspirin', '100mg', 'Nausea, Vomiting'),
(2, 'Lisinopril', '10mg', 'Cough, Dizziness'),
(3, 'Metformin', '500mg', 'Diarrhea, Nausea'),
(4, 'Atorvastatin', '20mg', 'Muscle Pain, Headache'),
(5, 'Ibuprofen', '200mg', 'Nausea, Stomach Pain'),
(6, 'Omeprazole', '40mg', 'Headache, Abdominal Pain'),
(7, 'Amoxicillin', '500mg', 'Diarrhea, Rash'),
(8, 'Hydrochlorothiazide', '25mg', 'Dizziness, Lightheadedness'),
(9, 'Gabapentin', '300mg', 'Drowsiness, Dizziness'),
(10, 'Sertraline', '50mg', 'Nausea, Insomnia'),
(11, 'Prednisone', '20mg', 'Increased appetite, Mood changes'),
(12, 'Levothyroxine', '75mcg', 'Hair loss, Increased sweating'),
(13, 'Metoprolol', '50mg', 'Dizziness, Fatigue'),
(14, 'Ciprofloxacin', '250mg', 'Nausea, Diarrhea'),
(15, 'Simvastatin', '20mg', 'Muscle Pain, Constipation'),
(16, 'Clopidogrel', '75mg', 'Bleeding, Bruising'),
(17, 'Furosemide', '40mg', 'Dehydration, Electrolyte imbalance'),
(18, 'Amlodipine', '5mg', 'Swelling, Flushing'),
(19, 'Doxycycline', '100mg', 'Sun sensitivity, Nausea'),
(20, 'Warfarin', '2mg', 'Bleeding, Bruising'),
(21, 'Citalopram', '20mg', 'Nausea, Dry mouth'),
(22, 'Pantoprazole', '40mg', 'Headache, Diarrhea'),
(23, 'Tramadol', '50mg', 'Dizziness, Nausea'),
(24, 'Fluoxetine', '20mg', 'Insomnia, Nausea'),
(25, 'Meloxicam', '15mg', 'Stomach pain, Diarrhea'),
(26, 'Albuterol', '90mcg', 'Shakiness, Headache'),
(27, 'Clonazepam', '0.5mg', 'Drowsiness, Dizziness'),
(28, 'Propranolol', '40mg', 'Fatigue, Dizziness'),
(29, 'Tamsulosin', '0.4mg', 'Dizziness, Headache'),
(30, 'Losartan', '50mg', 'Dizziness, Cough'),
(31, 'Oxycodone', '10mg', 'Nausea, Drowsiness'),
(32, 'Duloxetine', '30mg', 'Nausea, Dry mouth'),
(33, 'Azithromycin', '500mg', 'Diarrhea, Nausea'),
(34, 'Bupropion', '150mg', 'Insomnia, Dry mouth'),
(35, 'Venlafaxine', '75mg', 'Nausea, Dizziness'),
(36, 'Lorazepam', '1mg', 'Drowsiness, Dizziness'),
(37, 'Ranitidine', '150mg', 'Headache, Dizziness'),
(38, 'Sildenafil', '50mg', 'Headache, Flushing'),
(39, 'Loratadine', '10mg', 'Drowsiness, Headache'),
(40, 'Hydrocodone', '5mg', 'Nausea, Drowsiness'),
(41, 'Lansoprazole', '30mg', 'Diarrhea, Abdominal pain'),
(42, 'Carvedilol', '12.5mg', 'Dizziness, Fatigue'),
(43, 'Fexofenadine', '180mg', 'Headache, Drowsiness'),
(44, 'Esomeprazole', '40mg', 'Headache, Diarrhea'),
(45, 'Alprazolam', '0.5mg', 'Drowsiness, Dizziness');




-- Insert data into Prescriptions table
INSERT INTO Prescriptions (PrescriptionID, PatientID, DoctorID, MedicationID, PrescriptionDate, DosageInstructions) VALUES
(1, 1, 1, 1, '2023-10-01', 'Take one pill daily'),
(2, 2, 2, 2, '2023-10-02', 'Take two pills daily'),
(3, 3, 3, 3, '2023-10-03', 'Take one pill before meals'),
(4, 4, 4, 4, '2023-10-04', 'Take one pill after meals'),
(5, 5, 5, 5, '2023-10-05', 'Take one pill with water'),
(6, 6, 6, 6, '2023-10-06', 'Take one pill at bedtime'),
(7, 7, 7, 7, '2023-10-07', 'Take two pills before meals'),
(8, 8, 8, 8, '2023-10-08', 'Take one pill in the evening'),
(9, 9, 9, 9, '2023-10-09', 'Take one pill every 8 hours'),
(10, 10, 10, 10, '2023-10-10', 'Take one pill in the morning'),
(11, 11, 11, 11, '2023-10-11', 'Take one pill daily'),
(12, 12, 12, 12, '2023-10-12', 'Take one pill every 12 hours'),
(13, 13, 13, 13, '2023-10-13', 'Take one pill before bedtime'),
(14, 14, 14, 14, '2023-10-14', 'Take one pill before meals'),
(15, 15, 15, 15, '2023-10-15', 'Take two pills daily'),
(16, 16, 16, 16, '2023-10-16', 'Take one pill after meals'),
(17, 17, 17, 17, '2023-10-17', 'Take one pill with water'),
(18, 18, 18, 18, '2023-10-18', 'Take one pill at bedtime'),
(19, 19, 19, 19, '2023-10-19', 'Take two pills in the morning'),
(20, 20, 20, 20, '2023-10-20', 'Take one pill before meals'),
(21, 21, 21, 21, '2023-10-21', 'Take one pill after meals'),
(22, 22, 22, 22, '2023-10-22', 'Take one pill daily'),
(23, 23, 23, 23, '2023-10-23', 'Take one pill every 8 hours'),
(24, 24, 24, 24, '2023-10-24', 'Take two pills daily'),
(25, 25, 25, 25, '2023-10-25', 'Take one pill before bedtime'),
(26, 26, 26, 26, '2023-10-26', 'Take one pill with water'),
(27, 27, 27, 27, '2023-10-27', 'Take one pill in the morning'),
(28, 28, 28, 28, '2023-10-28', 'Take one pill after meals'),
(29, 29, 29, 29, '2023-10-29', 'Take one pill before meals'),
(30, 30, 30, 30, '2023-10-30', 'Take two pills daily'),
(31, 31, 31, 31, '2023-10-31', 'Take one pill at bedtime'),
(32, 32, 32, 32, '2023-11-01', 'Take one pill every 12 hours'),
(33, 33, 33, 33, '2023-11-02', 'Take one pill before bedtime'),
(34, 34, 34, 34, '2023-11-03', 'Take one pill before meals'),
(35, 35, 35, 35, '2023-11-04', 'Take two pills daily'),
(36, 36, 36, 36, '2023-11-05', 'Take one pill after meals'),
(37, 37, 37, 37, '2023-11-06', 'Take one pill with water'),
(38, 38, 38, 38, '2023-11-07', 'Take one pill at bedtime'),
(39, 39, 39, 39, '2023-11-08', 'Take one pill in the morning'),
(40, 40, 40, 40, '2023-11-09', 'Take one pill before meals'),
(41, 41, 41, 41, '2023-11-10', 'Take two pills daily'),
(42, 42, 42, 42, '2023-11-11', 'Take one pill after meals'),
(43, 43, 43, 43, '2023-11-12', 'Take one pill with water'),
(44, 44, 44, 44, '2023-11-13', 'Take one pill at bedtime'),
(45, 45, 45, 45, '2023-11-14', 'Take one pill in the morning'),
(46, 46, 46, 46, '2023-11-15', 'Take one pill before meals'),
(47, 47, 47, 47, '2023-11-16', 'Take two pills daily'),
(48, 48, 48, 48, '2023-11-17', 'Take one pill after meals'),
(49, 49, 49, 49, '2023-11-18', 'Take one pill with water'),
(50, 50, 50, 50, '2023-11-19', 'Take one pill in the morning');



-- Insert data into Billing table
INSERT INTO Billing (BillingID, PatientID, AppointmentID, Amount, BillingDate) VALUES
(1, 1, 1, 150.00, '2023-10-01'),
(2, 2, 2, 200.00, '2023-10-02'),
(3, 3, 3, 250.00, '2023-10-03'),
(4, 4, 4, 180.00, '2023-10-04'),
(5, 5, 5, 220.00, '2023-10-05'),
(6, 6, 6, 160.00, '2023-10-06'),
(7, 7, 7, 210.00, '2023-10-07'),
(8, 8, 8, 230.00, '2023-10-08'),
(9, 9, 9, 170.00, '2023-10-09'),
(10, 10, 10, 190.00, '2023-10-10'),
(11, 11, 11, 200.00, '2023-10-11'),
(12, 12, 12, 180.00, '2023-10-12'),
(13, 13, 13, 220.00, '2023-10-13'),
(14, 14, 14, 240.00, '2023-10-14'),
(15, 15, 15, 160.00, '2023-10-15'),
(16, 16, 16, 250.00, '2023-10-16'),
(17, 17, 17, 210.00, '2023-10-17'),
(18, 18, 18, 230.00, '2023-10-18'),
(19, 19, 19, 170.00, '2023-10-19'),
(20, 20, 20, 190.00, '2023-10-20'),
(21, 21, 21, 200.00, '2023-10-21'),
(22, 22, 22, 180.00, '2023-10-22'),
(23, 23, 23, 220.00, '2023-10-23'),
(24, 24, 24, 240.00, '2023-10-24'),
(25, 25, 25, 160.00, '2023-10-25'),
(26, 26, 26, 250.00, '2023-10-26'),
(27, 27, 27, 210.00, '2023-10-27'),
(28, 28, 28, 230.00, '2023-10-28'),
(29, 29, 29, 170.00, '2023-10-29'),
(30, 30, 30, 190.00, '2023-10-30'),
(31, 31, 31, 200.00, '2023-10-31'),
(32, 32, 32, 180.00, '2023-11-01'),
(33, 33, 33, 220.00, '2023-11-02'),
(34, 34, 34, 240.00, '2023-11-03'),
(35, 35, 35, 160.00, '2023-11-04'),
(36, 36, 36, 250.00, '2023-11-05'),
(37, 37, 37, 210.00, '2023-11-06'),
(38, 38, 38, 230.00, '2023-11-07'),
(39, 39, 39, 170.00, '2023-11-08'),
(40, 40, 40, 190.00, '2023-11-09'),
(41, 41, 41, 200.00, '2023-11-10'),
(42, 42, 42, 180.00, '2023-11-11'),
(43, 43, 43, 220.00, '2023-11-12'),
(44, 44, 44, 240.00, '2023-11-13'),
(45, 45, 45, 160.00, '2023-11-14'),
(46, 46, 46, 250.00, '2023-11-15'),
(47, 47, 47, 210.00, '2023-11-16'),
(48, 48, 48, 230.00, '2023-11-17'),
(49, 49, 49, 170.00, '2023-11-18'),
(50, 50, 50, 300.00, '2023-11-19');



-- Insert data into MedicalHistory table
INSERT INTO MedicalHistory (HistoryID, PatientID, Condition, DiagnosisDate, Treatment) VALUES
(1, 1, 'Hypertension', '2020-05-10', 'Medication'),
(2, 2, 'Migraine', '2021-03-15', 'Medication and Therapy'),
(3, 3, 'Diabetes', '2019-11-23', 'Insulin Therapy'),
(4, 4, 'Asthma', '2018-09-10', 'Inhaler Treatment'),
(5, 5, 'Allergy', '2021-07-18', 'Antihistamines'),
(6, 6, 'Depression', '2020-08-22', 'Counseling and Medication'),
(7, 7, 'Arthritis', '2017-06-14', 'Physical Therapy'),
(8, 8, 'Hypertension', '2019-11-02', 'Medication'),
(9, 9, 'Anemia', '2021-01-05', 'Iron Supplements'),
(10, 10, 'COPD', '2020-03-22', 'Oxygen Therapy'),
(11, 11, 'Thyroid Disorder', '2018-12-10', 'Hormone Therapy'),
(12, 12, 'Chronic Pain', '2019-05-19', 'Pain Management'),
(13, 13, 'High Cholesterol', '2019-08-09', 'Statins'),
(14, 14, 'Heart Disease', '2021-06-15', 'Surgery'),
(15, 15, 'Back Pain', '2018-02-20', 'Physical Therapy'),
(16, 16, 'Sleep Apnea', '2020-09-12', 'CPAP Therapy'),
(17, 17, 'Gastroesophageal Reflux Disease', '2017-11-03', 'Antacids'),
(18, 18, 'Osteoporosis', '2021-04-11', 'Calcium Supplements'),
(19, 19, 'Cancer', '2019-12-29', 'Chemotherapy'),
(20, 20, 'Chronic Kidney Disease', '2018-06-07', 'Dialysis'),
(21, 21, 'Asthma', '2020-11-14', 'Inhaler Treatment'),
(22, 22, 'Allergy', '2019-09-27', 'Antihistamines'),
(23, 23, 'Hypertension', '2018-10-25', 'Medication'),
(24, 24, 'Diabetes', '2021-05-30', 'Insulin Therapy'),
(25, 25, 'Anxiety', '2019-02-18', 'Counseling and Medication'),
(26, 26, 'Bronchitis', '2020-04-15', 'Antibiotics'),
(27, 27, 'Epilepsy', '2017-12-02', 'Anti-seizure Medication'),
(28, 28, 'Chronic Fatigue Syndrome', '2019-07-21', 'Lifestyle Changes'),
(29, 29, 'Multiple Sclerosis', '2021-08-28', 'Medication'),
(30, 30, 'Parkinsons Disease', '2018-03-09', 'Medication'),
(31, 31, 'Rheumatoid Arthritis', '2020-12-16', 'Anti-inflammatory Medication'),
(32, 32, 'Stroke', '2019-01-10', 'Rehabilitation Therapy'),
(33, 33, 'Liver Disease', '2020-05-17', 'Medication'),
(34, 34, 'Peptic Ulcer', '2018-07-25', 'Antibiotics and Antacids'),
(35, 35, 'Psoriasis', '2021-03-20', 'Topical Treatments'),
(36, 36, 'Tinnitus', '2017-10-14', 'Hearing Aids'),
(37, 37, 'Hypertension', '2018-01-27', 'Medication'),
(38, 38, 'Scoliosis', '2019-04-08', 'Bracing'),
(39, 39, 'Chronic Migraine', '2020-08-04', 'Botox Injections'),
(40, 40, 'Glaucoma', '2021-11-22', 'Eye Drops'),
(41, 41, 'Obesity', '2017-12-30', 'Weight Management'),
(42, 42, 'Gout', '2018-09-05', 'Anti-inflammatory Medication'),
(43, 43, 'HIV/AIDS', '2020-06-24', 'Antiretroviral Therapy'),
(44, 44, 'Chronic Sinusitis', '2019-02-13', 'Decongestants'),
(45, 45, 'Hypertension', '2018-03-21', 'Medication'),
(46, 46, 'Lupus', '2021-07-02', 'Steroids'),
(47, 47, 'COPD', '2019-11-19', 'Oxygen Therapy'),
(48, 48, 'Fibromyalgia', '2020-01-23', 'Pain Management'),
(49, 49, 'Hypertension', '2021-05-05', 'Lifestyle Changes and Medication'),
(50, 50, 'Hypertension', '2019-02-27', 'Lifestyle Changes and Medication');
